"1","http://ten-thousand-rooms.herokuapp.com/layer/1","1","http://ten-thousand-rooms.herokuapp.com/lists/1","",""
"2","http://ten-thousand-rooms.herokuapp.com/layer/1","2","http://ten-thousand-rooms.herokuapp.com/lists/2","",""
"5","http://ten-thousand-rooms.herokuapp.com/layer/2","1","http://ten-thousand-rooms.herokuapp.com/lists/3","",""
"6","http://ten-thousand-rooms.herokuapp.com/layer/2","2","http://ten-thousand-rooms.herokuapp.com/lists/4
","",""
"7","http://ten-thousand-rooms.herokuapp.com/layer/3","1","http://ten-thousand-rooms.herokuapp.com/lists/5","",""
"8","http://ten-thousand-rooms.herokuapp.com/layer/3","2","http://ten-thousand-rooms.herokuapp.com/lists/6","",""
"9","http://ten-thousand-rooms.herokuapp.com/layer/4","1","http://ten-thousand-rooms.herokuapp.com/lists/7","",""
"10","http://ten-thousand-rooms.herokuapp.com/layer/4","2","http://ten-thousand-rooms.herokuapp.com/lists/8","",""
"11","http://ten-thousand-rooms.herokuapp.com/layer/5","1","http://ten-thousand-rooms.herokuapp.com/lists/9","",""
"12","http://ten-thousand-rooms.herokuapp.com/layer/5","2","http://ten-thousand-rooms.herokuapp.com/lists/10","",""
"13","http://ten-thousand-rooms.herokuapp.com/layer/6","1","http://ten-thousand-rooms.herokuapp.com/lists/11","",""
"14","http://ten-thousand-rooms.herokuapp.com/layer/6","2","http://ten-thousand-rooms.herokuapp.com/lists/12","",""
